Mouser Part Number,qty,Manufacturer Part Number,Customer Part Number,Description
80-C1210C104K1RAC,88,100nF,HW-C2-CAP-100N-A,100nF 100V
187-CL32B103KGFNNNE,27,10nF,HW-C2-CAP-10N-A,10nF 500V
187-CL32A106KAULNNE,47,10uF,HW-C2-CAP-10U-A,10uF 25V
187-CL32B105KBHNNNE,10,1uF,HW-C2-CAP-1U-A,1uf 50V
80-C1210C225J1RAUTO,4,2.2uF,HW-C2-CAP-2U2-A,2.2uf 1210 100v
80-C1210C221J2G,8,220pF,HW-C2-CAP-220P-A,220pF 100V C0G 1210
80-C1210C220J5G,6,22pF,HW-C2-CAP-22P-A,22pF 50V
710-830003156B,4,8MHz,HW-C2-IC-8MHZ-A,8mhz hc49-4h crystal
727-CY15B102Q-SXET,1,CY15B102Q-SXET,HW-C2-IC-CY15B102Q-SXET-A,CY15B102Q-SXET
595-ISO1042BDWVR,4,ISO1042BDWVR,HW-C2-IC-ISO1042BDWVR-A,ISO1042BDWVR
595-ISO1212DBQ,1,ISO1212DBQ,HW-C2-IC-ISO1212DBQ-A,ISO1212DBQ
700-MAX22530AWE+,1,MAX22530AWE+,HW-C2-IC-MAX22530AWE-A,MAX22530AWE+
863-NCV57100DWR2G,6,NCV57100DWR2G,HW-C2-IC-NCV57100DWR2G-A,NCV57100DWR2G
511-STM32G474RCT3,1,STM32G474RCT3,HW-C2-IC-STM32G474RCT3-A,STM32G474RCT3
511-STM32H723ZGT6,1,STM32H723ZGT6,HW-C2-IC-STM32H723ZGT6-A,STM32H723ZGT6
200-SSW11001FD,1,SSW-110-01-F-D,HW-C2-CONN-SSW-110-01-F-D-A,SSW-110-01-F-D
200-TSW11021LDLL,1,TSW-110-21-L-D-LL,HW-C2-CONN-TSW-110-21-L-D-LL-A,TSW-110-21-L-D-LL
,10,0022011042,HW-C2-HW-0022011042-A,0022011042
,40,08-50-0113,HW-C2-HW-08-50-0113-A,08-50-0113
538-22-04-1041,6,22-04-1041,HW-C2-HW-22-04-1041-A,22-04-1041
306-XHP-2,5,455-2266-ND,HW-C2-HW-455-2266-ND-A,455-2266-ND
305-464762,32,464762-E,HW-C2-HW-464762-E-A,464762-E
305-524265-E,5,524265-E,HW-C2-HW-524265-E-A,524265-E
,7,544959-E,HW-C2-HW-544959-E-A,544959-E
571-776231-1,1,776231-1,HW-C2-HW-776231-1-A,776231-1
710-971150581,10,971150581,HW-C2-HW-971150581-A,971150581
710-971250581,8,971250581,HW-C2-HW-971250581-A,971250581
710-971350581,8,971350581,HW-C2-HW-971350581-A,971350581
710-9774030592R,8,9774030592R,HW-C2-HW-9774030592R-A,9774030592R
810-ACT45B1012PTL003,2,ACT45B-101-2P-TL003,HW-C2-HW-ACT45B-101-2P-TL003-A,ACT45B-101-2P-TL003
523-AWHSH105D00G,2,AWHSH105D00G,HW-C2-HW-AWHSH105D00G-A,AWHSH105D00G
306-B2B-XH-AMLFSNP,5,B2B-XH-AM_LF__SN_,HW-C2-HW-B2B-XH-AM_LF__SN_-A,B2B-XH-AM_LF__SN_
871-B58031U9254M062,12,B58031U9254M062,HW-C2-HW-B58031U9254M062-A,B58031U9254M062
621-BAT54WS-F,15,BAT54WS-7-F,HW-C2-HW-BAT54WS-7-F-A,BAT54WS-7-F
726-BTS462TATMA1,5,BTS462TATMA1,HW-C2-HW-BTS462TATMA1-A,BTS462TATMA1
CM600DY-24T,3,CM600DY-24T,HW-C2-HW-CM600DY-24T-A,CM600DY-24T
621-DRDNB21D-7,3,DRDNB21D-7,HW-C2-HW-DRDNB21D-7-A,DRDNB21D-7
418-EC7BW-110S12,1,EC7BW-110S12,HW-C2-HW-EC7BW-110S12-A,EC7BW-110S12
161-FDFNYD1-1105,15,FDFNYD1-110(5),HW-C2-HW-FDFNYD1-110-5-A,FDFNYD1-110(5)
838-LA37S600S05KM,4,LA37S600S05KM,HW-C2-HW-LA37S600S05KM-A,LA37S600S05KM
584-LT3080IQ#PBF,1,LT3080IQ#PBF,HW-C2-HW-LT3080IQ-PBF-A,LT3080IQ#PBF
859-LTST-C230CKT,4,LTST-C230CKT,HW-C2-HW-LTST-C230CKT-A,LTST-C230CKT
859-LTST-C230GKT,4,LTST-C230GKT,HW-C2-HW-LTST-C230GKT-A,LTST-C230GKT
652-MF-RHT200/32-2,3,MF-RHT200_32-2,HW-C2-HW-MF-RHT200_32-2-A,MF-RHT200_32-2
580-MGJ2D121509MPCR7,6,MGJ2D121509MPC-R7,HW-C2-HW-MGJ2D121509MPC-R7-A,MGJ2D121509MPC-R7
75-MKP1848S61010JY5B,6,MKP1848S61010JY5B,HW-C2-HW-MKP1848S61010JY5B-A,MKP1848S61010JY5B
863-MM3Z3V0ST1G,7,MM3Z3V0ST1G,HW-C2-HW-MM3Z3V0ST1G-A,MM3Z3V0ST1G
81-NXFT15XH103FEAB21,3,NXFT15XH103FEAB021,HW-C2-HW-NXFT15XH103FEAB021-A,NXFT15XH103FEAB021
737-RD7-12S033R,1,RD7-12S033R,HW-C2-HW-RD7-12S033R-A,RD7-12S033R
919-RKE-1205S/H,3,RKE-1205S_H,HW-C2-HW-RKE-1205S_H-A,RKE-1205S_H
527-RTS103C1R2M6L201,2,RTS103C1R2M6L201,HW-C2-HW-RTS103C1R2M6L201-A,RTS103C1R2M6L201
512-S3N,4,S3N,HW-C2-HW-S3N-A,S3N
200-SSW10301LD,2,SSW-103-01-L-D,HW-C2-HW-SSW-103-01-L-D-A,SSW-103-01-L-D
200-SSW10401LD,1,SSW-104-01-L-D,HW-C2-HW-SSW-104-01-L-D-A,SSW-104-01-L-D
200-SSW10801LD,2,SSW-108-01-L-D,HW-C2-HW-SSW-108-01-L-D-A,SSW-108-01-L-D
,3,SSW-110-01-F-D,HW-C2-HW-SSW-110-01-F-D-A,SSW-110-01-F-D
403-STS41A-AWLB-R3,1,STS41A-AWLB-R3,HW-C2-HW-STS41A-AWLB-R3-A,STS41A-AWLB-R3
511-STTH112A,8,STTH112A,HW-C2-HW-STTH112A-A,STTH112A
306-SXH-001T-P0.6,8,SXH-001T-P0.6,HW-C2-HW-SXH-001T-P0-6-A,SXH-001T-P0.6
863-SZMMSZ4678T1G,6,SZMMSZ4678T1G,HW-C2-HW-SZMMSZ4678T1G-A,SZMMSZ4678T1G
534-5000,27,TestPoint,HW-C2-HW-TESTPOINT-TH-RED-A,"Testpoint TH, RED"
595-TPS389006ADJRTER,1,TPS389006ADJRTER,HW-C2-HW-TPS389006ADJRTER-A,TPS389006ADJRTER
179-TS406650R260S,4,TS40-66-50-R-260-SMT-TR,HW-C2-HW-TS40-66-50-R-260-SMT-TR-A,TS40-66-50-R-260-SMT-TR
200-TSW10318GD,2,TSW-103-18-G-D,HW-C2-HW-TSW-103-18-G-D-A,TSW-103-18-G-D
200-TSW10818FD,2,TSW-108-18-F-D,HW-C2-HW-TSW-108-18-F-D-A,TSW-108-18-F-D
200-TSW11018TD,1,TSW-110-18-T-D,HW-C2-HW-TSW-110-18-T-D-A,TSW-110-18-T-D
647-UCM1H101MCL1GS,17,UCM1H101MCL1GS,HW-C2-HW-UCM1H101MCL1GS-A,UCM1H101MCL1GS
647-UCS2D331MHD,60,UCS2D331MHD,HW-C2-HW-UCS2D331MHD-A,UCS2D331MHD
179-UJ2-B-HR-G-V,1,UJ2-B-HR-G-V,HW-C2-HW-UJ2-B-HR-G-V-A,UJ2-B-HR-G-V
72-VY1222M47Y5UQ6TV0,23,VY1222M47Y5UQ6TV0,HW-C2-HW-VY1222M47Y5UQ6TV0-A,VY1222M47Y5UQ6TV0
603-AC1210JR-0710KL,34,10k,HW-C2-RES-10K-A,10k 1210
603-AC1210FR-07120RL,6,120,HW-C2-RES-120-A,120 1210
603-RC1210FR-071KL,22,1k,HW-C2-RES-1K-A,1k 1210
667-ERJ-14BQF2R7U,15,2.7,HW-C2-RES-2R7-A,2.7 ohm 1210
667-ERJ-P14F2002U,20,20k,HW-C2-RES-20K-A,20k 1210 resistor
603-RC1210FR-07220RL,3,220,HW-C2-RES-220-A,220 1210
603-RC1210FR-073KL,5,3k,HW-C2-RES-3K-A,3k 1210 1%
71-CRCW12104K70FKEAH,5,4.7k,HW-C2-RES-4K7-A,4.7k 1210
667-ERJ-P14F4993U,3,499k,HW-C2-RES-499K-A,499kohm 1210 resistor
667-ERJ-P14F5600U,4,560,HW-C2-RES-560-A,560ohm 1210 resistor
71-CRCW1210-249K-E3,20,250k,HW-C2-RES-250K-A,Thick Film Resistors - SMD 1/2watt 249Kohms 1%
